Workbook

Sheet Raw_Workforce_Data
A1: Employee ID | B1: Employee Name | C1: Department | D1: Team | E1: Manager | F1: Location | G1: Experience (Years) | H1: Monthly Salary (₹) | I1: Joining Date | J1: Attendance % | K1: Overtime Hours | L1: Productivity % | M1: Workload Assigned | N1: Workload Completed | O1: Customer Complaints | P1: Training Hours | Q1: Resignation Risk | R1: Performance Rating
A2: 1001 | B2: Employee_1 | C2: Sales | D2: Retention | E2: Sal Manager 1 | F2: Hyderabad | G2: 6.7 | H2: 80904 | I2: 2025-08-27 | J2: 99.5 | K2: 18.1 | L2: 88 | M2: 86 | N2: 74 | O2: 5 | P2: 11 | Q2: Medium | R2: Good
A3: 1002 | B3: Employee_2 | C3: Finance | D3: Accounts | E3: Fin Manager 3 | F3: Hyderabad | G3: 3.4 | H3: 51543 | I3: 2025-02-11 | J3: 90.8 | K3: 22.5 | L3: 80.4 | M3: 46 | N3: 35 | O3: 4 | P3: 14 | Q3: Medium | R3: Good
A4: 1003 | B4: Employee_3 | C4: Operations | D4: Fulfillment | E4: Ope Manager 2 | F4: Delhi | G4: 4 | H4: 69468 | I4: 2020-05-01 | J4: 82.3 | K4: 31.6 | L4: 81.2 | M4: 99 | N4: 82 | O4: 5 | P4: 18 | Q4: High | R4: Good
A5: 1004 | B5: Employee_4 | C5: Sales | D5: Retention | E5: Sal Manager 3 | F5: Bengaluru | G5: 2.6 | H5: 50368 | I5: 2025-08-30 | J5: 97.3 | K5: 19.4 | L5: 85.1 | M5: 98 | N5: 87 | O5: 4 | P5: 10 | Q5: Low | R5: Good
A6: 1005 | B6: Employee_5 | C6: Customer Support | D6: Escalations | E6: Cus Manager 2 | F6: Hyderabad | G6: 5 | H6: 70108 | I6: 2021-04-01 | J6: 86.2 | K6: 0.4 | L6: 82.9 | M6: 80 | N6: 63 | O6: 8 | P6: 24 | Q6: High | R6: Good
A7: 1006 | B7: Employee_6 | C7: HR | D7: L&D | E7: HR Manager 1 | F7: Bengaluru | G7: 0.5 | H7: 45665 | I7: 2026-06-12 | J7: 93.1 | K7: 0 | L7: 85.2 | M7: 40 | N7: 32 | O7: 3 | P7: 15 | Q7: Low | R7: Good
A8: 1007 | B8: Employee_7 | C8: Customer Support | D8: Voice Support | E8: Cus Manager 3 | F8: Bengaluru | G8: 2.6 | H8: 46302 | I8: 2020-03-14 | J8: 91.3 | K8: 17.6 | L8: 72.7 | M8: 116 | N8: 93 | O8: 4 | P8: 17 | Q8: High | R8: Average
A9: 1008 | B9: Employee_8 | C9: HR | D9: Recruitment | E9: HR Manager 3 | F9: Bengaluru | G9: 10.2 | H9: 107030 | I9: 2025-08-11 | J9: 97.6 | K9: 15.5 | L9: 92.7 | M9: 55 | N9: 44 | O9: 0 | P9: 14 | Q9: Low | R9: Excellent
A10: 1009 | B10: Employee_9 | C10: Finance | D10: Audit | E10: Fin Manager 3 | F10: Hyderabad | G10: 0.5 | H10: 31308 | I10: 2019-04-02 | J10: 92.9 | K10: 0 | L10: 87 | M10: 61 | N10: 49 | O10: 5 | P10: 15 | Q10: Low | R10: Good
A11: 1010 | B11: Employee_10 | C11: Operations | D11: Process Control | E11: Ope Manager 2 | F11: Hyderabad | G11: 6.3 | H11: 80024 | I11: 2025-10-22 | J11: 89.2 | K11: 23.4 | L11: 83.8 | M11: 103 | N11: 90 | O11: 2 | P11: 20 | Q11: Medium | R11: Good
A12: 1011 | B12: Employee_11 | C12: Customer Support | D12: Email Support | E12: Cus Manager 3 | F12: Delhi | G12: 4.3 | H12: 68552 | I12: 2024-03-28 | J12: 96.4 | K12: 18.9 | L12: 76.9 | M12: 113 | N12: 95 | O12: 6 | P12: 15 | Q12: High | R12: Average
A13: 1012 | B13: Employee_12 | C13: Customer Support | D13: Voice Support | E13: Cus Manager 3 | F13: Hyderabad | G13: 3.4 | H13: 59294 | I13: 2024-03-08 | J13: 93.9 | K13: 25.4 | L13: 82.8 | M13: 70 | N13: 53 | O13: 3 | P13: 18 | Q13: Medium | R13: Good
... A1001: 2000 | B1001: Employee_1000 | C1001: IT | D1001: Applications | E1001: IT Manager 2 | F1001: Chennai | G1001: 7.7 | H1001: 81285 | I1001: 2025-01-21 | J1001: 100 | K1001: 8.2 | L1001: 99.9 | M1001: 74 | N1001: 74 | O1001: 0 | P1001: 21 | Q1001: Low | R1001: Excellent

Sheet Analysis
A1: Data quality Check
A2: Total records | B2: =COUNTA(Raw_Workforce_Data!A2:A1001) -> 1000
A3: Unique Smployee ID | B3: =COUNTA(_xlfn.UNIQUE(Raw_Workforce_Data!A2:A1001)) -> 1000
A4: Duplicate Employee ID | B4: =B2-B3 -> 0
A5: Missing Employee ID | B5: =COUNTBLANK(Raw_Workforce_Data!A2:A1001) -> 0
A6: Missing Monthly Salary | B6: =COUNTBLANK(Raw_Workforce_Data!H2:H1001) -> 0
A7: Missing experience | B7: =COUNTBLANK(Raw_Workforce_Data!G2:G1001) -> 0
A8: Missing Attendance | B8: =COUNTBLANK(Raw_Workforce_Data!J2:J1001) -> 0
A9: Missing Overtime | B9: =COUNTBLANK(Raw_Workforce_Data!K2:K1001) -> 0
A10: Missing Productivity | B10: =COUNTBLANK(Raw_Workforce_Data!L2:L1001) -> 0 | G10: Department | H10: High Risk
G11: Sales | H11: 47
A12: Workforce Performance Summary | G12: Finance | H12: 1
A13: Average Experience | B13: 4.46 | D13: =AVERAGE(Raw_Workforce_Data!G2:G1001) -> 4.4645 | G13: Operations | H13: 72
A14: Average Monthly Salary | B14: 64723 | D14: =AVERAGE(Raw_Workforce_Data!H2:H1001) -> 64723.353 | G14: Customer Support | H14: 125
A15: Average Attendance | B15: 0.9282 | D15: =AVERAGE(Raw_Workforce_Data!J2:J1001) -> 92.82 | G15: HR | H15: 4
A16: Average Overtime | B16: 17.78 | D16: =AVERAGE(Raw_Workforce_Data!K2:K1001) -> 17.7814 | G16: IT | H16: 4
A17: Average Productivity | B17: 84.73 | D17: =AVERAGE(Raw_Workforce_Data!L2:L1001) -> 84.73
A20: Department performance Analysis
A21: Department | B21: Employees | C21: Avg Productivity | D21: Avg Overtime | E21: Avg Attendance | F21: Avg Salary | G21: Workforce Signal | H21: Productivity Gap | I21: Overtime Gap | J21: Workload completion % | K21: High Risk | L21: Medium Risk | M21: Low Risk | N21: High risk % | O21: Staffing Pressure Score | P21: Recomendation | Q21: Customer Complaint | R21: complaints per customer
A22: {=_xlfn.UNIQUE(Raw_Workforce_Data!C2:C1001)} -> Sales | B22: =COUNTIF(Raw_Workforce_Data!C2:C1001,A22) -> 160 | C22: =AVERAGEIF(Raw_Workforce_Data!C2:C1001,A22,Raw_Workforce_Data!L2:L1001) -> 82.955625 | D22: =AVERAGEIF(Raw_Workforce_Data!C2:C1001,A22,Raw_Workforce_Data!K2:K1001) -> 19.081875 | E22: =AVERAGEIF(Raw_Workforce_Data!C2:C1001,A22,Raw_Workforce_Data!J2:J1001) -> 92.774375 | F22: =AVERAGEIF(Raw_Workforce_Data!C1:C1001,A22,Raw_Workforce_Data!H1:H1001) -> 63322.269 | G22: =IF(AND(C22<$B$17,D22>$B$16),"High Risk - Low Productivity & High OT",IF(AND(C22>=$B$17,D22<=$B$16),"Efficient","Review")) -> High Risk - Low Productivity & High OT | H22: =C22-$B$17 -> -1.774375 | I22: =D22-$B$16 -> 1.301875 | J22: =SUMIF(Raw_Workforce_Data!C2:C1001,A22,Raw_Workforce_Data!N2:N1001)/SUMIF(Raw_Workforce_Data!C2:C1001,A22,Raw_Workforce_Data!M2:M1001) -> 0.81241165 | K22: =COUNTIFS(Raw_Workforce_Data!C2:C1001,A22,Raw_Workforce_Data!Q2:Q1001,"High") -> 47 | L22: =COUNTIFS(Raw_Workforce_Data!C2:C1001,A22,Raw_Workforce_Data!Q2:Q1001,"Medium") -> 91 | M22: =COUNTIFS(Raw_Workforce_Data!C2:C1001,A22,Raw_Workforce_Data!Q2:Q1001,"Low") -> 22 | N22: =K22/B22 -> 0.29375 | O22: =IF(J22<85%,1,0)+IF(D22>AVERAGE($D$22:$D$27),1,0)+IF(N22>30%,1,0) -> 2 | P22: =IF(O22=3,"High Hiring Priority",IF(O22=2,"Review / Possible Hiring","Maintain")) -> Review / Possible Hiring | Q22: =SUMIF(Raw_Workforce_Data!C2:C1001,A22,Raw_Workforce_Data!O2:O1001) -> 434 | R22: =Q22/B22 -> 2.7125
A23: Finance | B23: =COUNTIF(Raw_Workforce_Data!C3:C1002,A23) -> 163 | C23: =AVERAGEIF(Raw_Workforce_Data!C2:C1002,A23,Raw_Workforce_Data!L2:L1002) -> 88.372393 | D23: =AVERAGEIF(Raw_Workforce_Data!C2:C1002,A23,Raw_Workforce_Data!K2:K1002) -> 12.553374 | E23: =AVERAGEIF(Raw_Workforce_Data!C2:C1002,A23,Raw_Workforce_Data!J2:J1002) -> 92.995092 | F23: =AVERAGEIF(Raw_Workforce_Data!C1:C1002,A23,Raw_Workforce_Data!H1:H1002) -> 66153.699 | G23: =IF(AND(C23<$B$17,D23>$B$16),"High Risk - Low Productivity & High OT",IF(AND(C23>=$B$17,D23<=$B$16),"Efficient","Review")) -> Efficient | H23: =C23-$B$17 -> 3.6423926 | I23: =D23-$B$16 -> -5.2266258 | J23: =SUMIF(Raw_Workforce_Data!C3:C1002,A23,Raw_Workforce_Data!N3:N1002)/SUMIF(Raw_Workforce_Data!C3:C1002,A23,Raw_Workforce_Data!M3:M1002) -> 0.87262005 | K23: =COUNTIFS(Raw_Workforce_Data!C3:C1002,A23,Raw_Workforce_Data!Q3:Q1002,"High") -> 1 | L23: =COUNTIFS(Raw_Workforce_Data!C3:C1002,A23,Raw_Workforce_Data!Q3:Q1002,"Medium") -> 31 | M23: =COUNTIFS(Raw_Workforce_Data!C3:C1002,A23,Raw_Workforce_Data!Q3:Q1002,"Low") -> 131 | N23: =K23/B23 -> 0.0061349693 | O23: =IF(J23<85%,1,0)+IF(D23>AVERAGE($D$22:$D$27),1,0)+IF(N23>30%,1,0) -> 0 | P23: =IF(O23=3,"High Hiring Priority",IF(O23=2,"Review / Possible Hiring","Maintain")) -> Maintain | Q23: =SUMIF(Raw_Workforce_Data!C3:C1002,A23,Raw_Workforce_Data!O3:O1002) -> 316 | R23: =Q23/B23 -> 1.9386503
A24: Operations | B24: =COUNTIF(Raw_Workforce_Data!C4:C1003,A24) -> 166 | C24: =AVERAGEIF(Raw_Workforce_Data!C2:C1003,A24,Raw_Workforce_Data!L2:L1003) -> 84.031928 | D24: =AVERAGEIF(Raw_Workforce_Data!C2:C1003,A24,Raw_Workforce_Data!K2:K1003) -> 24.964458 | E24: =AVERAGEIF(Raw_Workforce_Data!C2:C1003,A24,Raw_Workforce_Data!J2:J1003) -> 93.013855 | F24: =AVERAGEIF(Raw_Workforce_Data!C1:C1003,A24,Raw_Workforce_Data!H1:H1003) -> 65501.53 | G24: =IF(AND(C24<$B$17,D24>$B$16),"High Risk - Low Productivity & High OT",IF(AND(C24>=$B$17,D24<=$B$16),"Efficient","Review")) -> High Risk - Low Productivity & High OT | H24: =C24-$B$17 -> -0.69807229 | I24: =D24-$B$16 -> 7.1844578 | J24: =SUMIF(Raw_Workforce_Data!C4:C1003,A24,Raw_Workforce_Data!N4:N1003)/SUMIF(Raw_Workforce_Data!C4:C1003,A24,Raw_Workforce_Data!M4:M1003) -> 0.82978482 | K24: =COUNTIFS(Raw_Workforce_Data!C4:C1003,A24,Raw_Workforce_Data!Q4:Q1003,"High") -> 72 | L24: =COUNTIFS(Raw_Workforce_Data!C4:C1003,A24,Raw_Workforce_Data!Q4:Q1003,"Medium") -> 79 | M24: =COUNTIFS(Raw_Workforce_Data!C4:C1003,A24,Raw_Workforce_Data!Q4:Q1003,"Low") -> 15 | N24: =K24/B24 -> 0.43373494 | O24: =IF(J24<85%,1,0)+IF(D24>AVERAGE($D$22:$D$27),1,0)+IF(N24>30%,1,0) -> 3 | P24: =IF(O24=3,"High Hiring Priority",IF(O24=2,"Review / Possible Hiring","Maintain")) -> High Hiring Priority | Q24: =SUMIF(Raw_Workforce_Data!C4:C1003,A24,Raw_Workforce_Data!O4:O1003) -> 460 | R24: =Q24/B24 -> 2.7710843
A25: Customer Support | B25: =COUNTIF(Raw_Workforce_Data!C5:C1004,A25) -> 182 | C25: =AVERAGEIF(Raw_Workforce_Data!C2:C1004,A25,Raw_Workforce_Data!L2:L1004) -> 77.421429 | D25: =AVERAGEIF(Raw_Workforce_Data!C2:C1004,A25,Raw_Workforce_Data!K2:K1004) -> 21.533516 | E25: =AVERAGEIF(Raw_Workforce_Data!C2:C1004,A25,Raw_Workforce_Data!J2:J1004) -> 93.125824 | F25: =AVERAGEIF(Raw_Workforce_Data!C1:C1004,A25,Raw_Workforce_Data!H1:H1004) -> 65315.5 | G25: =IF(AND(C25<$B$17,D25>$B$16),"High Risk - Low Productivity & High OT",IF(AND(C25>=$B$17,D25<=$B$16),"Efficient","Review")) -> High Risk - Low Productivity & High OT | H25: =C25-$B$17 -> -7.3085714 | I25: =D25-$B$16 -> 3.7535165 | J25: =SUMIF(Raw_Workforce_Data!C5:C1004,A25,Raw_Workforce_Data!N5:N1004)/SUMIF(Raw_Workforce_Data!C5:C1004,A25,Raw_Workforce_Data!M5:M1004) -> 0.77140078 | K25: =COUNTIFS(Raw_Workforce_Data!C5:C1004,A25,Raw_Workforce_Data!Q5:Q1004,"High") -> 125 | L25: =COUNTIFS(Raw_Workforce_Data!C5:C1004,A25,Raw_Workforce_Data!Q5:Q1004,"Medium") -> 57 | M25: =COUNTIFS(Raw_Workforce_Data!C5:C1004,A25,Raw_Workforce_Data!Q5:Q1004,"Low") -> 0 | N25: =K25/B25 -> 0.68681319 | O25: =IF(J25<85%,1,0)+IF(D25>AVERAGE($D$22:$D$27),1,0)+IF(N25>30%,1,0) -> 3 | P25: =IF(O25=3,"High Hiring Priority",IF(O25=2,"Review / Possible Hiring","Maintain")) -> High Hiring Priority | Q25: =SUMIF(Raw_Workforce_Data!C5:C1004,A25,Raw_Workforce_Data!O5:O1004) -> 624 | R25: =Q25/B25 -> 3.4285714
A26: HR | B26: =COUNTIF(Raw_Workforce_Data!C6:C1005,A26) -> 163 | C26: =AVERAGEIF(Raw_Workforce_Data!C2:C1005,A26,Raw_Workforce_Data!L2:L1005) -> 85.933742 | D26: =AVERAGEIF(Raw_Workforce_Data!C2:C1005,A26,Raw_Workforce_Data!K2:K1005) -> 11.187117 | E26: =AVERAGEIF(Raw_Workforce_Data!C2:C1005,A26,Raw_Workforce_Data!J2:J1005) -> 92.676074 | F26: =AVERAGEIF(Raw_Workforce_Data!C1:C1005,A26,Raw_Workforce_Data!H1:H1005) -> 61932.761 | G26: =IF(AND(C26<$B$17,D26>$B$16),"High Risk - Low Productivity & High OT",IF(AND(C26>=$B$17,D26<=$B$16),"Efficient","Review")) -> Efficient | H26: =C26-$B$17 -> 1.2037423 | I26: =D26-$B$16 -> -6.5928834 | J26: =SUMIF(Raw_Workforce_Data!C6:C1005,A26,Raw_Workforce_Data!N6:N1005)/SUMIF(Raw_Workforce_Data!C6:C1005,A26,Raw_Workforce_Data!M6:M1005) -> 0.85791847 | K26: =COUNTIFS(Raw_Workforce_Data!C6:C1005,A26,Raw_Workforce_Data!Q6:Q1005,"High") -> 4 | L26: =COUNTIFS(Raw_Workforce_Data!C6:C1005,A26,Raw_Workforce_Data!Q6:Q1005,"Medium") -> 52 | M26: =COUNTIFS(Raw_Workforce_Data!C6:C1005,A26,Raw_Workforce_Data!Q6:Q1005,"Low") -> 107 | N26: =K26/B26 -> 0.024539877 | O26: =IF(J26<85%,1,0)+IF(D26>AVERAGE($D$22:$D$27),1,0)+IF(N26>30%,1,0) -> 0 | P26: =IF(O26=3,"High Hiring Priority",IF(O26=2,"Review / Possible Hiring","Maintain")) -> Maintain | Q26: =SUMIF(Raw_Workforce_Data!C6:C1005,A26,Raw_Workforce_Data!O6:O1005) -> 371 | R26: =Q26/B26 -> 2.2760736
A27: IT | B27: =COUNTIF(Raw_Workforce_Data!C7:C1006,A27) -> 166 | C27: =AVERAGEIF(Raw_Workforce_Data!C2:C1006,A27,Raw_Workforce_Data!L2:L1006) -> 90.392771 | D27: =AVERAGEIF(Raw_Workforce_Data!C2:C1006,A27,Raw_Workforce_Data!K2:K1006) -> 16.839759 | E27: =AVERAGEIF(Raw_Workforce_Data!C2:C1006,A27,Raw_Workforce_Data!J2:J1006) -> 92.304217 | F27: =AVERAGEIF(Raw_Workforce_Data!C1:C1006,A27,Raw_Workforce_Data!H1:H1006) -> 65982.06 | G27: =IF(AND(C27<$B$17,D27>$B$16),"High Risk - Low Productivity & High OT",IF(AND(C27>=$B$17,D27<=$B$16),"Efficient","Review")) -> Efficient | H27: =C27-$B$17 -> 5.6627711 | I27: =D27-$B$16 -> -0.94024096 | J27: =SUMIF(Raw_Workforce_Data!C7:C1006,A27,Raw_Workforce_Data!N7:N1006)/SUMIF(Raw_Workforce_Data!C7:C1006,A27,Raw_Workforce_Data!M7:M1006) -> 0.89428465 | K27: =COUNTIFS(Raw_Workforce_Data!C7:C1006,A27,Raw_Workforce_Data!Q7:Q1006,"High") -> 4 | L27: =COUNTIFS(Raw_Workforce_Data!C7:C1006,A27,Raw_Workforce_Data!Q7:Q1006,"Medium") -> 60 | M27: =COUNTIFS(Raw_Workforce_Data!C7:C1006,A27,Raw_Workforce_Data!Q7:Q1006,"Low") -> 102 | N27: =K27/B27 -> 0.024096386 | O27: =IF(J27<85%,1,0)+IF(D27>AVERAGE($D$22:$D$27),1,0)+IF(N27>30%,1,0) -> 0 | P27: =IF(O27=3,"High Hiring Priority",IF(O27=2,"Review / Possible Hiring","Maintain")) -> Maintain | Q27: =SUMIF(Raw_Workforce_Data!C7:C1006,A27,Raw_Workforce_Data!O7:O1006) -> 311 | R27: =Q27/B27 -> 1.873494
A33: Departments | B33: Team | C33: Employees | D33: Avg Productivity | E33: Avg Overtime | F33: Customer Complaints | G33: Avg Attendance | H33: Avg Experience
A34: Operations | B34: {=_xlfn.UNIQUE(_xlfn._xlws.FILTER(Raw_Workforce_Data!D2:D1001,Raw_Workforce_Data!C2:C1001="operations"))} -> Fulfillment | C34: =COUNTIF(Raw_Workforce_Data!D$2:D$1001,B34) -> 55 | D34: =AVERAGEIF(Raw_Workforce_Data!D$2:D$1001,B34,Raw_Workforce_Data!L$2:L$1001) -> 84.032727 | E34: =AVERAGEIF(Raw_Workforce_Data!D$2:D$1001,B34,Raw_Workforce_Data!K$2:K$1001) -> 24.490909 | F34: =SUMIF(Raw_Workforce_Data!D$2:D$1001,B34,Raw_Workforce_Data!O$2:O$1001) -> 159 | G34: =AVERAGEIF(Raw_Workforce_Data!D$2:D$1001,B34,Raw_Workforce_Data!J$2:J$1001) -> 92.792727 | H34: =AVERAGEIF(Raw_Workforce_Data!D$2:D$1001,B34,Raw_Workforce_Data!G$2:G$1001) -> 4.8
A35: Operations | B35: Process Control | C35: =COUNTIF(Raw_Workforce_Data!D$2:D$1001,B35) -> 53 | D35: =AVERAGEIF(Raw_Workforce_Data!D$2:D$1001,B35,Raw_Workforce_Data!L$2:L$1001) -> 83.250943 | E35: =AVERAGEIF(Raw_Workforce_Data!D$2:D$1001,B35,Raw_Workforce_Data!K$2:K$1001) -> 25.356604 | F35: =SUMIF(Raw_Workforce_Data!D$2:D$1001,B35,Raw_Workforce_Data!O$2:O$1001) -> 130 | G35: =AVERAGEIF(Raw_Workforce_Data!D$2:D$1001,B35,Raw_Workforce_Data!J$2:J$1001) -> 93.164151 | H35: =AVERAGEIF(Raw_Workforce_Data!D$2:D$1001,B35,Raw_Workforce_Data!G$2:G$1001) -> 4.4075472
A36: Operations | B36: Dispatch | C36: =COUNTIF(Raw_Workforce_Data!D$2:D$1001,B36) -> 58 | D36: =AVERAGEIF(Raw_Workforce_Data!D$2:D$1001,B36,Raw_Workforce_Data!L$2:L$1001) -> 84.744828 | E36: =AVERAGEIF(Raw_Workforce_Data!D$2:D$1001,B36,Raw_Workforce_Data!K$2:K$1001) -> 25.055172 | F36: =SUMIF(Raw_Workforce_Data!D$2:D$1001,B36,Raw_Workforce_Data!O$2:O$1001) -> 171 | G36: =AVERAGEIF(Raw_Workforce_Data!D$2:D$1001,B36,Raw_Workforce_Data!J$2:J$1001) -> 93.086207 | H36: =AVERAGEIF(Raw_Workforce_Data!D$2:D$1001,B36,Raw_Workforce_Data!G$2:G$1001) -> 4.1775862
A37: customer support | B37: {=_xlfn.UNIQUE(_xlfn._xlws.FILTER(Raw_Workforce_Data!D2:D1001,Raw_Workforce_Data!C2:C1001="customer support"))} -> Escalations | C37: =COUNTIF(Raw_Workforce_Data!D$2:D$1001,B37) -> 56 | D37: =AVERAGEIF(Raw_Workforce_Data!D$2:D$1001,B37,Raw_Workforce_Data!L$2:L$1001) -> 77.641071 | E37: =AVERAGEIF(Raw_Workforce_Data!D$2:D$1001,B37,Raw_Workforce_Data!K$2:K$1001) -> 22.910714 | F37: =SUMIF(Raw_Workforce_Data!D$2:D$1001,B37,Raw_Workforce_Data!O$2:O$1001) -> 194 | G37: =AVERAGEIF(Raw_Workforce_Data!D$2:D$1001,B37,Raw_Workforce_Data!J$2:J$1001) -> 92.975 | H37: =AVERAGEIF(Raw_Workforce_Data!D$2:D$1001,B37,Raw_Workforce_Data!G$2:G$1001) -> 4.3928571
A38: customer support | B38: Voice Support | C38: =COUNTIF(Raw_Workforce_Data!D$2:D$1001,B38) -> 69 | D38: =AVERAGEIF(Raw_Workforce_Data!D$2:D$1001,B38,Raw_Workforce_Data!L$2:L$1001) -> 76.971014 | E38: =AVERAGEIF(Raw_Workforce_Data!D$2:D$1001,B38,Raw_Workforce_Data!K$2:K$1001) -> 21.63913 | F38: =SUMIF(Raw_Workforce_Data!D$2:D$1001,B38,Raw_Workforce_Data!O$2:O$1001) -> 244 | G38: =AVERAGEIF(Raw_Workforce_Data!D$2:D$1001,B38,Raw_Workforce_Data!J$2:J$1001) -> 92.901449 | H38: =AVERAGEIF(Raw_Workforce_Data!D$2:D$1001,B38,Raw_Workforce_Data!G$2:G$1001) -> 4.3811594
A39: customer support | B39: Email Support | C39: =COUNTIF(Raw_Workforce_Data!D$2:D$1001,B39) -> 57 | D39: =AVERAGEIF(Raw_Workforce_Data!D$2:D$1001,B39,Raw_Workforce_Data!L$2:L$1001) -> 77.750877 | E39: =AVERAGEIF(Raw_Workforce_Data!D$2:D$1001,B39,Raw_Workforce_Data!K$2:K$1001) -> 20.052632 | F39: =SUMIF(Raw_Workforce_Data!D$2:D$1001,B39,Raw_Workforce_Data!O$2:O$1001) -> 186 | G39: =AVERAGEIF(Raw_Workforce_Data!D$2:D$1001,B39,Raw_Workforce_Data!J$2:J$1001) -> 93.545614 | H39: =AVERAGEIF(Raw_Workforce_Data!D$2:D$1001,B39,Raw_Workforce_Data!G$2:G$1001) -> 4.9824561
A42: Department | B42: Avg Productivity | C42: Avg Overtime
A43: Sales | B43: 82.955625 | C43: 19.081875
A44: Finance | B44: 88.372393 | C44: 12.553374
A45: Operations | B45: 84.031928 | C45: 24.964458
A46: Customer Support | B46: 77.421429 | C46: 21.533516
A47: HR | B47: 85.933742 | C47: 11.187117
A48: IT | B48: 90.392771 | C48: 16.839759

Sheet Dashboard
V56: hsdkwdbk
